{
  "util_libs.git": 3.171736001968384, 
  "nanopb": 3.6084189414978027, 
  "riscv-pk": 2.938183069229126, 
  "seL4.git": 4.5089709758758545, 
  "seL4_tools.git": 4.037743091583252, 
  "sel4test.git": 3.402643918991089, 
  "musllibc.git": 3.5693039894104004, 
  "sel4runtime.git": 2.4518651962280273, 
  "seL4_libs.git": 3.175987958908081, 
  "sel4_projects_libs": 2.770174980163574
}